4.45,,,,2
360,,,,2
14,,,,2
29,,,,2
405,,,,2
420,,,,2
470,,,,2
49,,,,2
505,,,,2
747,,,,2
747SL,,,,2
A-SC,,,,2
AKR,,,,2
ALBA,,,,2
ALPH,,,,2
ALPHO,,,,2
ALPRO,,,,2
AM-146,,,,2
AM-16,,,,2
AM-17,,,,2
AM-18,,,,2
APC,,,,2
APOL,,,,2
AQFN,,,,2
ARO15,,,,2
B14,,,,2
BLB13,,,,2
BNDT,,,,2
BND15,,,,2
BND17,,,,2
BNSH,,,,2
BG-17,,,,2
B16F,,,,2
BAR,,,,2
BAT-2,,,,2
BHSL,,,,2
BBC-SC,,,,2
BBC-SL,,,,2
BEE-C,,,,2
BLV13,,,,2
BB,,,,2
BLBY,,,,2
BLCRB,,,,2
BJ,,,,2
BOM3.8,,,,2
BOM4.8,,,,2
BNTO,,,,2
BOS,,,,2
BCN,,,,2
BUT,,,,2
BUZ,,,,2
BYTE,,,,2
BYTE2,,,,2
C-SC,,,,2
C-LK,,,,2
CADT,,,,2
I-CAN,,,,2
4-CAN,,,,2
4-CAN2,,,,2
5-CAN,,,,2
RNG-C,,,,2
SACAN,,,,2
CD-10,,,,2
CD-14,,,,2
CPR,,,,2
CAT13,,,,2
CAT142,,,,2
CAT142K,,,,2
CAT165,,,,2
CAT8,,,,2
CAT125,,,,2
CEL,,,,2
CHL15,,,,2
CNLSL,,,,2
CQ-12,,,,2
CHMTE,,,,2
CHES,,,,2
CHY,,,,2
CL14,,,,2
CL16,,,,2
CFJ,,,,2
COD40,,,,2
CM,,,,2
CND,,,,2
COHD,,,,2
COR15,,,,2
CSR10,,,,2
CTZ14,,,,2
COTL,,,,2
CLN13,,,,2
CLN132,,,,2
D-SC,,,,2
DABCK,,,,2
DGER,,,,2
DS,,,,2
DFD,,,,2
DM,,,,2
DC,,,,2
DNG,,,,2
DCV18,,,,2
DLP17,,,,2
DLPJR,,,,2
DLPSR,,,,2
DOODL,,,,2
DOVKE,,,,2
DOD16,,,,2
DRGNR,,,,2
DS-16,,,,2
DUS,,,,2
DUT,,,,2
DD,,,,2
DDT10,,,,2
E-SC,,,,2
18,,,,2
ELTO,,,,2
ENT,,,,2
EUR,,,,2
EVN16,,,,2
EXT,,,,2
EXP,,,,2
EXSWN,,,,2
FAL14,,,,2
FETH,,,,2
FN,,,,2
FB,,,,2
FFLY,,,,2
FJ,,,,2
FLIP,,,,2
FLCA,,,,2
FLCL,,,,2
FD,,,,2
FFSH,,,,2
FSCT,,,,2
FT,,,,2
F5,,,,2
FRD20,,,,2
FORMS,,,,2
FRUN,,,,2
FUS15,,,,2
GAL15,,,,2
GN,,,,2
GRY18,,,,2
GEM,,,,2
GEN4.4,,,,2
GHO13,,,,2
GNL13,,,,2
GNL15,,,,2
GLOR,,,,2
GLOD,,,,2
GF,,,,2
GP14,,,,2
GRP17,,,,2
GRYN,,,,2
GFC15,,,,2
GUL,,,,2
HA,,,,2
HPN4.6,,,,2
HPN5.2,,,,2
HRT14,,,,2
HAW17,,,,2
HRM15,,,,2
HERN,,,,2
HI,,,,2
H10,,,,2
HLR12,,,,2
HLR14,,,,2
HLR172,,,,2
HLRHK,,,,2
HLD19,,,,2
HLDJR,,,,2
HTR140,,,,2
HTR170,,,,2
HURI,,,,2
ILU12,,,,2
I20-SC,,,,2
INCT,,,,2
INSL,,,,2
INTD,,,,2
INT,,,,2
INVT,,,,2
ISD15,,,,2
ISD17,,,,2
J-SC,,,,2
JAV,,,,2
JAV-2,,,,2
JES12,,,,2
JES16,,,,2
JES8,,,,2
JT14,,,,2
JTWN,,,,2
JHN18,,,,2
JB,,,,2
JY15,,,,2
JY-T,,,,2
KLP15,,,,2
KN11,,,,2
KL,,,,2
KITE,,,,2
KNOC,,,,2
KOLI,,,,2
KRL15,,,,2
KRL12,,,,2
KO,,,,2
LACO,,,,2
LRK,,,,2
LRK10,,,,2
LAR16,,,,2
LASE,,,,2
LAS13,,,,2
LAS2000,,,,2
LAS3000,,,,2
LAS4.7,,,,2
LAS4000,,,,2
LAS5000,,,,2
LASE2,,,,2
LASPCU,,,,2
LASEM,,,,2
LASST,,,,2
LASVT,,,,2
LZE,,,,2
LD14,,,,2
LI,,,,2
LS13,,,,2
LS16,,,,2
LS162,,,,2
LGR16L,,,,2
M-SC,,,,2
M-20,,,,2
MACD,,,,2
MACH,,,,2
MLD12,,,,2
MWR,,,,2
MAN,,,,2
MDR,,,,2
Mar17,,,,2
MRL14,,,,2
MTN14,,,,2
MTN16,,,,2
MAX,,,,2
MAY,,,,2
MC-SC,,,,2
MBYT,,,,2
M-17,,,,2
MSED,,,,2
MLNR,,,,2
MERI,,,,2
MET,,,,2
MTON,,,,2
MM-12,,,,2
MN-SC,,,,2
MFSH,,,,2
MFSH-2,,,,2
MRR16,,,,2
MRRDY,,,,2
MI,,,,2
MST16,,,,2
MST16T,,,,2
MST4.0,,,,2
MJ,,,,2
MONK,,,,2
MON10,,,,2
MON12,,,,2
MON15,,,,2
MON8,,,,2
MO,,,,2
MUS17,,,,2
MUST,,,,2
MUTR,,,,2
MXRAY,,,,2
NRS,,,,2
N-10,,,,2
N-12,,,,2
N1D,,,,2
NEP14,,,,2
NEP16,,,,2
NPT16,,,,2
NIP,,,,2
NMD17,,,,2
ODY12,,,,2
ODY15,,,,2
OK,,,,2
OJOL,,,,2
OMG,,,,2
OD14G,,,,2
OD14,,,,2
OP,,,,2
OSPRA,,,,2
OS-1,,,,2
OS-3,,,,2
OVN16,,,,2
PSC17,,,,2
PELI,,,,2
PG,,,,2
PET,,,,2
PHNTM,,,,2
PINT,,,,2
PIRAT,,,,2
PIX,,,,2
PTJ15,,,,2
PRP12,,,,2
PRS14,,,,2
PRS15,,,,2
PRS16,,,,2
PRS185,,,,2
PUF,,,,2
R18,,,,2
RDR16,,,,2
RNG11,,,,2
RNG12,,,,2
RNG16,,,,2
RNG9,,,,2
RSCL,,,,2
RA,,,,2
REB,,,,2
RED,,,,2
REN,,,,2
RB,,,,2
RINKY,,,,2
ROAD,,,,2
RBN,,,,2
ROS13,,,,2
RS200,,,,2
RS400,,,,2
RS600,,,,2
RS700,,,,2
RS800,,,,2
RSFEV,,,,2
RSVAR,,,,2
S-12,,,,2
SBT-N,,,,2
SBT,,,,2
SLB,,,,2
SAF,,,,2
SLS,,,,2
SCT16,,,,2
SDP100,,,,2
SNDPR,,,,2
SATL,,,,2
SCH16,,,,2
SCOR,,,,2
SPL21K,,,,2
SNAR,,,,2
SWCH,,,,2
SBD,,,,2
SESA,,,,2
SHB,,,,2
SWND,,,,2
SRN17,,,,2
SRC15,,,,2
SKAT2,,,,2
SKID,,,,2
SJ,,,,2
SL,,,,2
SN,,,,2
SOS13,,,,2
SOLO,,,,2
SPKR,,,,2
SPKL,,,,2
SPDBL,,,,2
SPN13,,,,2
SPN15,,,,2
SPN16,,,,2
SPR,,,,2
SP,,,,2
SR-17,,,,2
STC,,,,2
STD14,,,,2
STF,,,,2
STFS,,,,2
SWN135,,,,2
STH,,,,2
STRK,,,,2
SUI,,,,2
SUNC,,,,2
SBRD,,,,2
SF,,,,2
SUNF,,,,2
SUNSP,,,,2
SPOR,,,,2
SSAT,,,,2
SSNAR2,,,,2
SSF,,,,2
SSFT,,,,2
SNV,,,,2
SURGL,,,,2
SURF,,,,2
SURP,,,,2
SWSX,,,,2
TNZ14,,,,2
TNZ16,,,,2
TASA,,,,2
TASAM,,,,2
TEAL,,,,2
TD,,,,2
TERN,,,,2
TEN,,,,2
TWLV,,,,2
TH,,,,2
TBD,,,,2
TOP,,,,2
TOCB,,,,2
TWN,,,,2
TRF547,,,,2
TRA,,,,2
TRD,,,,2
UFO,,,,2
USMO,,,,2
UP,,,,2
US-1,,,,2
VAG17,,,,2
VGD15,,,,2
VECT,,,,2
VIP,,,,2
VOL,,,,2
VOY15,,,,2
WB-8,,,,2
WAN14,,,,2
WF,,,,2
WPN,,,,2
WS,,,,2
WWP15,,,,2
WWP19,,,,2
WL14,,,,2
WHIP,,,,2
WHWN,,,,2
WHCAP,,,,2
WDG,,,,2
WILF,,,,2
WINF,,,,2
WINJ,,,,2
WM,,,,2
WINE,,,,2
WD,,,,2
WIZ,,,,2
WP,,,,2
X-14,,,,2
X-B,,,,2
Y-B,,,,2
YF,,,,2
ZEF12,,,,2
ZEN,,,,2
ZUM,,,,2